Дата сбора данных,Направление,Время по расписанию,Расчетное время,Сектор,Дата рейса
05.04.2025 22:42,Казань,1:55,1:55,А,06.04.2025
05.04.2025 22:42,Санкт-Петербург,3:40,3:53,А,06.04.2025
05.04.2025 22:42,Сочи,5:25,18:30,А,05.04.2025
05.04.2025 22:42,Санкт-Петербург,5:40,5:53,А,05.04.2025
05.04.2025 22:42,Москва,6:10,6:10,А,05.04.2025
05.04.2025 22:42,Москва,6:25,6:26,А,05.04.2025
05.04.2025 22:42,Москва,7:05,7:12,А,05.04.2025
05.04.2025 22:42,Москва,8:00,8:00,А,05.04.2025
05.04.2025 22:42,Минск,12:35,12:38,Б,05.04.2025
05.04.2025 22:42,Минск,12:35,12:38,Б,05.04.2025
05.04.2025 22:42,Москва,13:30,13:30,А,05.04.2025
05.04.2025 22:42,Сургут,13:45,13:45,А,05.04.2025
05.04.2025 22:42,Москва,16:00,16:02,А,05.04.2025
05.04.2025 22:42,Москва,16:40,17:12,А,05.04.2025
05.04.2025 22:42,Новосибирск,17:35,18:42,А,05.04.2025
05.04.2025 22:42,Сочи,18:15,18:25,А,05.04.2025
05.04.2025 22:42,Москва,20:20,20:20,А,05.04.2025
05.04.2025 22:42,Москва,23:05,23:05,А,05.04.2025
05.04.2025 22:42,Москва,0:45,0:17,А,06.04.2025
05.04.2025 22:42,Нижневартовск,1:15,1:11,А,06.04.2025
05.04.2025 22:42,Санкт-Петербург,2:40,2:30,А,06.04.2025
05.04.2025 22:42,Москва,3:45,3:59,А,06.04.2025
05.04.2025 22:42,Санкт-Петербург,3:55,3:36,А,06.04.2025
05.04.2025 22:42,Москва,4:00,4:09,А,06.04.2025
05.04.2025 22:42,Сочи,4:25,17:38,А,06.04.2025
05.04.2025 22:42,Москва,7:00,6:35,А,05.04.2025
05.04.2025 22:42,Минск,11:30,11:20,Б,05.04.2025
05.04.2025 22:42,Минск,11:30,11:20,Б,05.04.2025
05.04.2025 22:42,Москва,12:40,12:21,А,05.04.2025
05.04.2025 22:42,Сургут,12:50,12:45,А,05.04.2025
05.04.2025 22:42,Москва,15:10,14:54,А,05.04.2025
05.04.2025 22:42,Москва,16:10,16:20,А,05.04.2025
05.04.2025 22:42,Новосибирск,17:00,18:04,А,05.04.2025
05.04.2025 22:42,Сочи,17:15,16:52,А,05.04.2025
05.04.2025 22:42,Москва,19:20,18:59,А,05.04.2025
05.04.2025 22:42,Москва,22:10,21:49,А,05.04.2025
05.04.2025 22:43,Казань,1:55,1:55,А,06.04.2025
05.04.2025 22:43,Санкт-Петербург,3:40,3:53,А,06.04.2025
05.04.2025 22:43,Сочи,5:25,18:30,А,05.04.2025
05.04.2025 22:43,Санкт-Петербург,5:40,5:53,А,05.04.2025
05.04.2025 22:43,Москва,6:10,6:10,А,05.04.2025
05.04.2025 22:43,Москва,6:25,6:26,А,05.04.2025
05.04.2025 22:43,Москва,7:05,7:12,А,05.04.2025
05.04.2025 22:43,Москва,8:00,8:00,А,05.04.2025
05.04.2025 22:43,Минск,12:35,12:38,Б,05.04.2025
05.04.2025 22:43,Минск,12:35,12:38,Б,05.04.2025
05.04.2025 22:43,Москва,13:30,13:30,А,05.04.2025
05.04.2025 22:43,Сургут,13:45,13:45,А,05.04.2025
05.04.2025 22:43,Москва,16:00,16:02,А,05.04.2025
05.04.2025 22:43,Москва,16:40,17:12,А,05.04.2025
05.04.2025 22:43,Новосибирск,17:35,18:42,А,05.04.2025
05.04.2025 22:43,Сочи,18:15,18:25,А,05.04.2025
05.04.2025 22:43,Москва,20:20,20:20,А,05.04.2025
05.04.2025 22:43,Москва,23:05,23:05,А,05.04.2025
05.04.2025 22:43,Москва,0:45,0:17,А,06.04.2025
05.04.2025 22:43,Нижневартовск,1:15,1:11,А,06.04.2025
05.04.2025 22:43,Санкт-Петербург,2:40,2:30,А,06.04.2025
05.04.2025 22:43,Москва,3:45,3:59,А,06.04.2025
05.04.2025 22:43,Санкт-Петербург,3:55,3:36,А,06.04.2025
05.04.2025 22:43,Москва,4:00,4:09,А,06.04.2025
05.04.2025 22:43,Сочи,4:25,17:38,А,06.04.2025
05.04.2025 22:43,Москва,7:00,6:35,А,05.04.2025
05.04.2025 22:43,Минск,11:30,11:20,Б,05.04.2025
05.04.2025 22:43,Минск,11:30,11:20,Б,05.04.2025
05.04.2025 22:43,Москва,12:40,12:21,А,05.04.2025
05.04.2025 22:43,Сургут,12:50,12:45,А,05.04.2025
05.04.2025 22:43,Москва,15:10,14:54,А,05.04.2025
05.04.2025 22:43,Москва,16:10,16:20,А,05.04.2025
05.04.2025 22:43,Новосибирск,17:00,18:04,А,05.04.2025
05.04.2025 22:43,Сочи,17:15,16:52,А,05.04.2025
05.04.2025 22:43,Москва,19:20,18:59,А,05.04.2025
05.04.2025 22:43,Москва,22:10,21:49,А,05.04.2025
06.04.2025 23:26,Санкт-Петербург,3:40,3:55,А,07.04.2025
06.04.2025 23:26,Санкт-Петербург,5:40,5:50,А,06.04.2025
06.04.2025 23:26,Сочи,5:50,17:28,А,06.04.2025
06.04.2025 23:26,Москва,6:10,6:14,А,06.04.2025
06.04.2025 23:26,Москва,6:25,6:26,А,06.04.2025
06.04.2025 23:26,Сочи,6:40,6:51,А,06.04.2025
06.04.2025 23:26,Москва,7:05,7:10,А,06.04.2025
06.04.2025 23:26,Москва,8:00,8:08,А,06.04.2025
06.04.2025 23:26,Новый Уренгой,12:10,12:11,А,06.04.2025
06.04.2025 23:26,Москва,13:30,14:09,А,06.04.2025
06.04.2025 23:26,Калининград,13:50,13:52,А,06.04.2025
06.04.2025 23:26,Калининград,13:50,13:52,А,06.04.2025
06.04.2025 23:26,Когалым,14:50,14:52,А,06.04.2025
06.04.2025 23:26,Наманган,15:00,15:39,Б,06.04.2025
06.04.2025 23:26,Москва,16:00,17:03,А,06.04.2025
06.04.2025 23:26,Новосибирск,17:35,17:36,А,06.04.2025
06.04.2025 23:26,Москва,20:20,20:20,А,06.04.2025
06.04.2025 23:26,Пхукет,22:40,23:00,Б,06.04.2025
06.04.2025 23:26,Москва,23:05,23:17,А,06.04.2025
06.04.2025 23:26,Тюмень,23:10,2:50,А,06.04.2025
06.04.2025 23:26,Москва,0:45,0:22,А,07.04.2025
06.04.2025 23:26,Санкт-Петербург,2:40,2:31,А,07.04.2025
06.04.2025 23:26,Москва,3:45,3:37,А,07.04.2025
06.04.2025 23:26,Санкт-Петербург,3:55,3:31,А,07.04.2025
06.04.2025 23:26,Москва,4:00,3:42,А,07.04.2025
06.04.2025 23:26,Сочи,4:25,16:30,А,07.04.2025
06.04.2025 23:26,Сочи,5:35,5:23,А,06.04.2025
06.04.2025 23:26,Москва,7:00,6:57,А,06.04.2025
06.04.2025 23:26,Новый Уренгой,11:20,11:18,А,06.04.2025
06.04.2025 23:26,Москва,12:40,13:06,А,06.04.2025
06.04.2025 23:26,Калининград,12:50,12:45,А,06.04.2025
06.04.2025 23:26,Калининград,12:50,12:45,А,06.04.2025
06.04.2025 23:26,Наманган,13:05,12:55,Б,06.04.2025
06.04.2025 23:26,Тюмень,14:00,13:48,А,06.04.2025
06.04.2025 23:26,Москва,15:10,16:00,А,06.04.2025
06.04.2025 23:26,Новосибирск,17:00,16:49,А,06.04.2025
06.04.2025 23:26,Москва,19:20,19:11,А,06.04.2025
06.04.2025 23:26,Пхукет,19:55,20:46,Б,06.04.2025
06.04.2025 23:26,Москва,22:10,22:07,А,06.04.2025
06.04.2025 23:26,Когалым,22:20,2:00,А,06.04.2025
09.04.2025 23:26,Санкт-Петербург,3:40,3:49,А,10.04.2025
09.04.2025 23:26,Санкт-Петербург,5:40,5:44,А,09.04.2025
09.04.2025 23:26,Сочи,5:50,6:02,А,09.04.2025
09.04.2025 23:26,Москва,6:10,6:11,А,09.04.2025
09.04.2025 23:26,Москва,6:25,6:33,А,09.04.2025
09.04.2025 23:26,Москва,7:05,7:12,А,09.04.2025
09.04.2025 23:26,Москва,13:30,14:06,А,09.04.2025
09.04.2025 23:26,Самара,13:55,13:57,А,09.04.2025
09.04.2025 23:26,Москва,16:00,16:13,А,09.04.2025
09.04.2025 23:26,Новосибирск,17:35,18:35,А,09.04.2025
09.04.2025 23:26,Усинск,17:55,18:08,А,09.04.2025
09.04.2025 23:26,Ереван,20:10,20:10,А,09.04.2025
09.04.2025 23:26,Москва,20:20,20:24,А,09.04.2025
09.04.2025 23:26,Нижневартовск,20:40,21:06,А,09.04.2025
09.04.2025 23:26,Казань,22:20,23:08,А,09.04.2025
09.04.2025 23:26,Москва,23:05,23:05,А,09.04.2025
09.04.2025 23:26,Москва,0:45,1:22,А,10.04.2025
09.04.2025 23:26,Санкт-Петербург,2:40,2:49,А,10.04.2025
09.04.2025 23:26,Москва,3:45,3:53,А,10.04.2025
09.04.2025 23:26,Санкт-Петербург,3:55,3:44,А,10.04.2025
09.04.2025 23:26,Москва,4:00,4:14,А,10.04.2025
09.04.2025 23:26,Сочи,4:20,5:02,А,10.04.2025
09.04.2025 23:26,Москва,12:40,13:05,А,09.04.2025
09.04.2025 23:26,Казань,13:00,13:11,А,09.04.2025
09.04.2025 23:26,Москва,15:10,15:11,А,09.04.2025
09.04.2025 23:26,Новосибирск,17:00,17:50,А,09.04.2025
09.04.2025 23:26,Самара,17:10,17:07,А,09.04.2025
09.04.2025 23:26,Ереван,19:00,18:14,А,09.04.2025
09.04.2025 23:26,Москва,19:20,18:58,А,09.04.2025
09.04.2025 23:26,Нижневартовск,19:40,20:20,А,09.04.2025
09.04.2025 23:26,Усинск,21:25,22:18,А,09.04.2025
09.04.2025 23:26,Москва,22:10,21:59,А,09.04.2025
10.04.2025 23:26,Санкт-Петербург,3:40,3:42,А,11.04.2025
10.04.2025 23:26,Сочи,5:25,5:33,А,10.04.2025
10.04.2025 23:26,Санкт-Петербург,5:40,5:48,А,10.04.2025
10.04.2025 23:26,Москва,6:10,6:15,А,10.04.2025
10.04.2025 23:26,Москва,6:25,6:31,А,10.04.2025
10.04.2025 23:26,Москва,7:05,7:13,А,10.04.2025
10.04.2025 23:26,Москва,13:30,13:34,А,10.04.2025
10.04.2025 23:26,Калининград,13:50,14:04,А,10.04.2025
10.04.2025 23:26,Калининград,13:50,14:04,А,10.04.2025
10.04.2025 23:26,Москва,16:00,16:23,А,10.04.2025
10.04.2025 23:26,Новосибирск,17:35,18:43,А,10.04.2025
10.04.2025 23:26,Москва,20:20,20:36,А,10.04.2025
10.04.2025 23:26,Москва,22:25,23:00,А,10.04.2025
10.04.2025 23:26,Москва,23:05,23:05,А,10.04.2025
10.04.2025 23:26,Москва,0:45,0:30,А,11.04.2025
10.04.2025 23:26,Санкт-Петербург,2:40,2:38,А,11.04.2025
10.04.2025 23:26,Москва,3:45,4:10,А,11.04.2025
10.04.2025 23:26,Санкт-Петербург,3:55,4:16,А,11.04.2025
10.04.2025 23:26,Москва,4:00,4:03,А,11.04.2025
10.04.2025 23:26,Сочи,4:25,3:58,А,11.04.2025
10.04.2025 23:26,Москва,12:40,12:23,А,10.04.2025
10.04.2025 23:26,Калининград,12:50,12:57,А,10.04.2025
10.04.2025 23:26,Калининград,12:50,12:57,А,10.04.2025
10.04.2025 23:26,Москва,15:10,15:12,А,10.04.2025
10.04.2025 23:26,Новосибирск,17:00,17:58,А,10.04.2025
10.04.2025 23:26,Москва,19:20,19:27,А,10.04.2025
10.04.2025 23:26,Москва,21:55,22:07,А,10.04.2025
10.04.2025 23:26,Москва,22:10,22:15,А,10.04.2025
11.04.2025 23:26,Санкт-Петербург,3:40,3:53,А,12.04.2025
11.04.2025 23:26,Санкт-Петербург,5:40,5:48,А,11.04.2025
11.04.2025 23:26,Сочи,5:50,5:58,А,11.04.2025
11.04.2025 23:26,Москва,6:10,6:12,А,11.04.2025
11.04.2025 23:26,Москва,6:25,6:33,А,11.04.2025
11.04.2025 23:26,Сочи,6:40,6:50,А,11.04.2025
11.04.2025 23:26,Махачкала,6:50,6:54,А,11.04.2025
11.04.2025 23:26,Москва,7:05,7:11,А,11.04.2025
11.04.2025 23:26,Новый Уренгой,7:50,7:50,А,11.04.2025
11.04.2025 23:26,Москва,8:00,8:02,А,11.04.2025
11.04.2025 23:26,Москва,13:30,13:35,А,11.04.2025
11.04.2025 23:26,Самара,14:05,14:23,А,11.04.2025
11.04.2025 23:26,Минеральные Воды,14:40,14:40,А,11.04.2025
11.04.2025 23:26,Усинск,14:50,14:53,А,11.04.2025
11.04.2025 23:26,Ноябрьск,15:15,15:18,А,11.04.2025
11.04.2025 23:26,Москва,16:00,16:12,А,11.04.2025
11.04.2025 23:26,Новосибирск,18:30,18:53,А,11.04.2025
11.04.2025 23:26,Нижневартовск,18:50,18:50,А,11.04.2025
11.04.2025 23:26,Москва,20:20,20:20,А,11.04.2025
11.04.2025 23:26,Москва,23:05,23:08,А,11.04.2025
11.04.2025 23:26,Москва,0:45,0:35,А,12.04.2025
11.04.2025 23:26,Санкт-Петербург,2:40,2:50,А,12.04.2025
11.04.2025 23:26,Москва,3:45,3:48,А,12.04.2025
11.04.2025 23:26,Санкт-Петербург,3:55,3:43,А,12.04.2025
11.04.2025 23:26,Москва,4:00,4:13,А,12.04.2025
11.04.2025 23:26,Сочи,4:20,4:31,А,12.04.2025
11.04.2025 23:26,Сочи,5:35,5:05,А,11.04.2025
11.04.2025 23:26,Минеральные Воды,5:45,5:22,А,11.04.2025
11.04.2025 23:26,Москва,7:00,6:38,А,11.04.2025
11.04.2025 23:26,Казань,7:10,7:08,А,11.04.2025
11.04.2025 23:26,Москва,12:40,12:20,А,11.04.2025
11.04.2025 23:26,Новый Уренгой,13:25,13:45,А,11.04.2025
11.04.2025 23:26,Махачкала,13:40,13:09,А,11.04.2025
11.04.2025 23:26,Усинск,14:00,13:26,А,11.04.2025
11.04.2025 23:26,Ижевск,14:15,14:04,А,11.04.2025
11.04.2025 23:26,Москва,15:10,15:00,А,11.04.2025
11.04.2025 23:26,Новосибирск,17:55,18:13,А,11.04.2025
11.04.2025 23:26,Самара,18:00,17:49,А,11.04.2025
11.04.2025 23:26,Москва,19:20,19:03,А,11.04.2025
11.04.2025 23:26,Москва,22:10,22:05,А,11.04.2025
12.04.2025 23:26,Казань,1:05,1:05,А,13.04.2025
12.04.2025 23:26,Санкт-Петербург,3:40,4:15,А,13.04.2025
12.04.2025 23:26,Сочи,5:25,5:28,А,12.04.2025
12.04.2025 23:26,Санкт-Петербург,5:40,5:47,А,12.04.2025
12.04.2025 23:26,Москва,6:10,6:12,А,12.04.2025
12.04.2025 23:26,Москва,6:25,6:30,А,12.04.2025
12.04.2025 23:26,Москва,7:05,7:10,А,12.04.2025
12.04.2025 23:26,Москва,8:00,8:06,А,12.04.2025
12.04.2025 23:26,Минск,12:35,12:40,Б,12.04.2025
12.04.2025 23:26,Минск,12:35,12:40,Б,12.04.2025
12.04.2025 23:26,Москва,13:30,13:34,А,12.04.2025
12.04.2025 23:26,Сургут,13:45,17:08,А,12.04.2025
12.04.2025 23:26,Москва,16:00,16:07,А,12.04.2025
12.04.2025 23:26,Москва,16:40,22:32,А,12.04.2025
12.04.2025 23:26,Новосибирск,17:35,17:44,А,12.04.2025
12.04.2025 23:26,Сочи,18:15,18:26,А,12.04.2025
12.04.2025 23:26,Ижевск,18:45,18:45,А,12.04.2025
12.04.2025 23:26,Москва,20:20,20:20,А,12.04.2025
12.04.2025 23:26,Москва,23:05,23:11,А,12.04.2025
12.04.2025 23:26,Нижневартовск,0:05,0:02,А,13.04.2025
12.04.2025 23:26,Москва,0:45,0:31,А,13.04.2025
12.04.2025 23:26,Санкт-Петербург,2:40,3:11,А,13.04.2025
12.04.2025 23:26,Москва,3:45,3:28,А,13.04.2025
12.04.2025 23:26,Санкт-Петербург,3:55,3:45,А,13.04.2025
12.04.2025 23:26,Москва,4:00,3:40,А,13.04.2025
12.04.2025 23:26,Сочи,4:25,4:24,А,13.04.2025
12.04.2025 23:26,Москва,7:00,6:54,А,12.04.2025
12.04.2025 23:26,Минск,11:30,11:29,Б,12.04.2025
12.04.2025 23:26,Минск,11:30,11:29,Б,12.04.2025
12.04.2025 23:26,Москва,12:40,12:32,А,12.04.2025
12.04.2025 23:26,Сургут,12:50,15:58,А,12.04.2025
12.04.2025 23:26,Москва,15:10,15:02,А,12.04.2025
12.04.2025 23:26,Москва,16:10,16:19,А,12.04.2025
12.04.2025 23:26,Новосибирск,17:00,16:58,А,12.04.2025
12.04.2025 23:26,Сочи,17:15,17:17,А,12.04.2025
12.04.2025 23:26,Ноябрьск,17:45,17:41,А,12.04.2025
12.04.2025 23:26,Москва,19:20,19:04,А,12.04.2025
12.04.2025 23:26,Москва,22:10,22:00,А,12.04.2025
13.04.2025 23:26,Санкт-Петербург,3:40,4:02,А,14.04.2025
13.04.2025 23:26,Санкт-Петербург,5:40,5:44,А,13.04.2025
13.04.2025 23:26,Сочи,5:50,5:59,А,13.04.2025
13.04.2025 23:26,Москва,6:10,6:10,А,13.04.2025
13.04.2025 23:26,Москва,6:25,6:35,А,13.04.2025
13.04.2025 23:26,Сочи,6:40,6:52,А,13.04.2025
13.04.2025 23:26,Москва,7:05,7:08,А,13.04.2025
13.04.2025 23:26,Москва,8:00,8:00,А,13.04.2025
13.04.2025 23:26,Москва,13:30,13:47,А,13.04.2025
13.04.2025 23:26,Калининград,13:50,13:55,А,13.04.2025
13.04.2025 23:26,Калининград,13:50,13:55,А,13.04.2025
13.04.2025 23:26,Когалым,14:50,15:03,А,13.04.2025
13.04.2025 23:26,Наманган,15:00,15:36,Б,13.04.2025
13.04.2025 23:26,Москва,16:00,16:00,А,13.04.2025
13.04.2025 23:26,Новосибирск,17:35,17:48,А,13.04.2025
13.04.2025 23:26,Москва,20:20,20:20,А,13.04.2025
13.04.2025 23:26,Москва,23:05,23:10,А,13.04.2025
13.04.2025 23:26,Тюмень,23:10,23:12,А,13.04.2025
13.04.2025 23:26,Москва,23:35,23:35,А,13.04.2025
13.04.2025 23:26,Москва,0:45,0:25,А,14.04.2025
13.04.2025 23:26,Санкт-Петербург,2:40,2:39,А,14.04.2025
13.04.2025 23:26,Москва,3:45,3:56,А,14.04.2025
13.04.2025 23:26,Санкт-Петербург,3:55,3:39,А,14.04.2025
13.04.2025 23:26,Москва,4:00,4:06,А,14.04.2025
13.04.2025 23:26,Сочи,4:25,4:14,А,14.04.2025
13.04.2025 23:26,Сочи,5:35,5:12,А,13.04.2025
13.04.2025 23:26,Москва,7:00,6:48,А,13.04.2025
13.04.2025 23:26,Москва,12:40,12:25,А,13.04.2025
13.04.2025 23:26,Калининград,12:50,12:18,А,13.04.2025
13.04.2025 23:26,Калининград,12:50,12:18,А,13.04.2025
13.04.2025 23:26,Наманган,13:05,12:53,Б,13.04.2025
13.04.2025 23:26,Тюмень,14:00,13:42,А,13.04.2025
13.04.2025 23:26,Москва,15:10,14:55,А,13.04.2025
13.04.2025 23:26,Новосибирск,17:00,16:53,А,13.04.2025
13.04.2025 23:26,Москва,19:20,19:00,А,13.04.2025
13.04.2025 23:26,Москва,22:10,22:03,А,13.04.2025
13.04.2025 23:26,Когалым,22:20,22:10,А,13.04.2025
13.04.2025 23:26,Москва,23:05,22:52,А,13.04.2025
14.04.2025 23:26,Санкт-Петербург,3:40,3:41,А,15.04.2025
14.04.2025 23:26,Сочи,5:25,5:27,А,14.04.2025
14.04.2025 23:26,Санкт-Петербург,5:40,5:43,А,14.04.2025
14.04.2025 23:26,Москва,6:10,6:18,А,14.04.2025
14.04.2025 23:26,Москва,6:25,6:35,А,14.04.2025
14.04.2025 23:26,Москва,7:05,7:07,А,14.04.2025
14.04.2025 23:26,Москва,8:00,8:03,А,14.04.2025
14.04.2025 23:26,Москва,13:30,13:38,А,14.04.2025
14.04.2025 23:26,Сургут,13:50,14:00,А,14.04.2025
14.04.2025 23:26,Новый Уренгой,15:30,16:18,А,14.04.2025
14.04.2025 23:26,Москва,16:00,16:01,А,14.04.2025
14.04.2025 23:26,Новосибирск,17:35,18:45,А,14.04.2025
14.04.2025 23:26,Москва,20:20,20:20,А,14.04.2025
14.04.2025 23:26,Казань,22:00,22:04,А,14.04.2025
14.04.2025 23:26,Москва,22:25,22:44,А,14.04.2025
14.04.2025 23:26,Москва,23:05,23:05,А,14.04.2025
14.04.2025 23:26,Москва,0:45,0:32,А,15.04.2025
14.04.2025 23:26,Санкт-Петербург,2:40,2:35,А,15.04.2025
14.04.2025 23:26,Москва,3:45,3:29,А,15.04.2025
14.04.2025 23:26,Санкт-Петербург,3:55,3:45,А,15.04.2025
14.04.2025 23:26,Москва,4:00,3:59,А,15.04.2025
14.04.2025 23:26,Сочи,4:25,4:13,А,15.04.2025
14.04.2025 23:26,Москва,7:00,6:46,А,14.04.2025
14.04.2025 23:26,Москва,12:40,12:35,А,14.04.2025
14.04.2025 23:26,Сургут,12:55,12:40,А,14.04.2025
14.04.2025 23:26,Казань,14:50,15:13,А,14.04.2025
14.04.2025 23:26,Москва,15:10,14:57,А,14.04.2025
14.04.2025 23:26,Новосибирск,17:00,17:58,А,14.04.2025
14.04.2025 23:26,Москва,19:20,19:00,А,14.04.2025
14.04.2025 23:26,Новый Уренгой,21:20,21:13,А,14.04.2025
14.04.2025 23:26,Москва,21:55,21:43,А,14.04.2025
14.04.2025 23:26,Москва,22:10,21:59,А,14.04.2025
15.04.2025 23:26,Санкт-Петербург,3:40,3:40,А,16.04.2025
15.04.2025 23:26,Сочи,5:25,5:32,А,15.04.2025
15.04.2025 23:26,Санкт-Петербург,5:40,5:45,А,15.04.2025
15.04.2025 23:26,Москва,6:10,6:11,А,15.04.2025
15.04.2025 23:26,Москва,6:25,6:30,А,15.04.2025
15.04.2025 23:26,Сочи,6:40,6:48,А,15.04.2025
15.04.2025 23:26,Махачкала,6:50,8:12,А,15.04.2025
15.04.2025 23:26,Москва,7:05,7:12,А,15.04.2025
15.04.2025 23:26,Шарм-эль-Шейх,8:20,9:44,Б,15.04.2025
15.04.2025 23:26,Минск,12:35,12:40,А,15.04.2025
15.04.2025 23:26,Минск,12:35,12:40,А,15.04.2025
15.04.2025 23:26,Москва,13:30,13:40,А,15.04.2025
15.04.2025 23:26,Минеральные Воды,14:40,15:44,А,15.04.2025
15.04.2025 23:26,Москва,16:00,16:09,А,15.04.2025
15.04.2025 23:26,Новосибирск,17:35,17:48,А,15.04.2025
15.04.2025 23:26,Сочи,18:10,18:40,А,15.04.2025
15.04.2025 23:26,Сочи,18:10,18:40,А,15.04.2025
15.04.2025 23:26,Москва,20:20,20:23,А,15.04.2025
15.04.2025 23:26,Москва,23:05,23:06,А,15.04.2025
15.04.2025 23:26,Москва,0:45,0:37,А,16.04.2025
15.04.2025 23:26,Санкт-Петербург,2:40,2:31,А,16.04.2025
15.04.2025 23:26,Москва,3:45,3:23,А,16.04.2025
15.04.2025 23:26,Санкт-Петербург,3:55,3:43,А,16.04.2025
15.04.2025 23:26,Москва,4:00,3:49,А,16.04.2025
15.04.2025 23:26,Сочи,4:25,4:22,А,16.04.2025
15.04.2025 23:26,Сочи,5:35,5:28,А,15.04.2025
15.04.2025 23:26,Минеральные Воды,5:45,7:08,А,15.04.2025
15.04.2025 23:26,Шарм-эль-Шейх,7:10,8:00,Б,15.04.2025
15.04.2025 23:26,Минск,11:30,11:22,Б,15.04.2025
15.04.2025 23:26,Минск,11:30,11:22,Б,15.04.2025
15.04.2025 23:26,Москва,12:40,12:23,А,15.04.2025
15.04.2025 23:26,Махачкала,13:40,14:39,А,15.04.2025
15.04.2025 23:26,Москва,15:10,15:03,А,15.04.2025
15.04.2025 23:26,Новосибирск,17:00,17:03,А,15.04.2025
15.04.2025 23:26,Сочи,17:10,17:15,А,15.04.2025
15.04.2025 23:26,Сочи,17:10,17:15,А,15.04.2025
15.04.2025 23:26,Москва,19:20,19:01,А,15.04.2025
15.04.2025 23:26,Москва,22:10,21:53,А,15.04.2025
16.04.2025 23:26,Санкт-Петербург,3:40,3:47,А,17.04.2025
16.04.2025 23:26,Санкт-Петербург,5:40,5:45,А,16.04.2025
16.04.2025 23:26,Сочи,5:50,6:00,А,16.04.2025
16.04.2025 23:26,Москва,6:10,6:21,А,16.04.2025
16.04.2025 23:26,Москва,6:25,6:29,А,16.04.2025
16.04.2025 23:26,Москва,7:05,7:10,А,16.04.2025
16.04.2025 23:26,Москва,13:30,13:44,А,16.04.2025
16.04.2025 23:26,Самара,13:55,13:57,А,16.04.2025
16.04.2025 23:26,Москва,16:00,16:05,А,16.04.2025
16.04.2025 23:26,Новосибирск,17:35,17:50,А,16.04.2025
16.04.2025 23:26,Усинск,17:55,17:56,А,16.04.2025
16.04.2025 23:26,Ереван,20:10,20:10,Б,16.04.2025
16.04.2025 23:26,Москва,20:20,20:26,А,16.04.2025
16.04.2025 23:26,Нижневартовск,20:40,20:40,А,16.04.2025
16.04.2025 23:26,Казань,22:20,22:20,А,16.04.2025
16.04.2025 23:26,Москва,22:25,22:37,А,16.04.2025
16.04.2025 23:26,Москва,23:05,23:07,А,16.04.2025
16.04.2025 23:26,Москва,0:45,0:26,А,17.04.2025
16.04.2025 23:26,Санкт-Петербург,2:40,2:34,А,17.04.2025
16.04.2025 23:26,Москва,3:45,3:41,А,17.04.2025
16.04.2025 23:26,Санкт-Петербург,3:55,3:50,А,17.04.2025
16.04.2025 23:26,Москва,4:00,3:55,А,17.04.2025
16.04.2025 23:26,Сочи,4:20,4:21,А,17.04.2025
16.04.2025 23:26,Москва,12:40,12:31,А,16.04.2025
16.04.2025 23:26,Казань,13:00,13:09,А,16.04.2025
16.04.2025 23:26,Москва,15:10,15:03,А,16.04.2025
16.04.2025 23:26,Новосибирск,17:00,17:00,А,16.04.2025
16.04.2025 23:26,Самара,17:10,16:50,А,16.04.2025
16.04.2025 23:26,Ереван,19:00,18:17,Б,16.04.2025
16.04.2025 23:26,Москва,19:20,19:00,А,16.04.2025
16.04.2025 23:26,Нижневартовск,19:40,19:41,А,16.04.2025
16.04.2025 23:26,Усинск,21:25,21:25,А,16.04.2025
16.04.2025 23:26,Москва,21:55,21:36,А,16.04.2025
16.04.2025 23:26,Москва,22:10,21:58,А,16.04.2025
17.04.2025 23:26,Санкт-Петербург,3:40,4:25,А,18.04.2025
17.04.2025 23:26,Сочи,5:25,5:30,А,17.04.2025
17.04.2025 23:26,Санкт-Петербург,5:40,5:47,А,17.04.2025
17.04.2025 23:26,Москва,6:10,6:23,А,17.04.2025
17.04.2025 23:26,Москва,6:25,6:29,А,17.04.2025
17.04.2025 23:26,Москва,7:05,7:11,А,17.04.2025
17.04.2025 23:26,Нарьян-Мар,8:25,8:30,А,17.04.2025
17.04.2025 23:26,Москва,13:30,13:41,А,17.04.2025
17.04.2025 23:26,Ноябрьск,14:00,14:28,А,17.04.2025
17.04.2025 23:26,Калининград,14:20,14:50,А,17.04.2025
17.04.2025 23:26,Калининград,14:20,14:50,А,17.04.2025
17.04.2025 23:26,Ноябрьск,15:35,15:39,А,17.04.2025
17.04.2025 23:26,Москва,16:00,16:15,А,17.04.2025
17.04.2025 23:26,Новосибирск,17:35,17:41,А,17.04.2025
17.04.2025 23:26,Москва,20:20,20:24,А,17.04.2025
17.04.2025 23:26,Уфа,21:30,21:03,А,17.04.2025
17.04.2025 23:26,Москва,22:25,22:39,А,17.04.2025
17.04.2025 23:26,Москва,23:05,23:08,А,17.04.2025
17.04.2025 23:26,Москва,0:45,0:31,А,18.04.2025
17.04.2025 23:26,Санкт-Петербург,2:40,3:20,А,18.04.2025
17.04.2025 23:26,Москва,3:45,4:10,А,18.04.2025
17.04.2025 23:26,Санкт-Петербург,3:55,3:31,А,18.04.2025
17.04.2025 23:26,Москва,4:00,3:52,А,18.04.2025
17.04.2025 23:26,Сочи,4:25,4:27,А,18.04.2025
17.04.2025 23:26,Уфа,7:25,7:21,А,17.04.2025
17.04.2025 23:26,Москва,12:40,12:32,А,17.04.2025
17.04.2025 23:26,Ижевск,12:50,13:29,А,17.04.2025
17.04.2025 23:26,Калининград,13:20,14:03,А,17.04.2025
17.04.2025 23:26,Калининград,13:20,14:03,А,17.04.2025
17.04.2025 23:26,Ижевск,14:30,14:25,А,17.04.2025
17.04.2025 23:26,Москва,15:10,15:12,А,17.04.2025
17.04.2025 23:26,Новосибирск,17:00,16:58,А,17.04.2025
17.04.2025 23:26,Москва,19:20,19:03,А,17.04.2025
17.04.2025 23:26,Нарьян-Мар,20:30,19:47,А,17.04.2025
17.04.2025 23:26,Москва,21:55,21:53,А,17.04.2025
17.04.2025 23:26,Москва,22:10,22:00,А,17.04.2025
17.04.2025 23:26,Шарм-эль-Шейх,22:20,22:18,Б,17.04.2025
18.04.2025 23:26,Хургада,3:00,4:32,Б,19.04.2025
18.04.2025 23:26,Санкт-Петербург,3:40,5:45,А,19.04.2025
18.04.2025 23:26,Санкт-Петербург,5:40,5:53,А,18.04.2025
18.04.2025 23:26,Сочи,5:50,6:05,А,18.04.2025
18.04.2025 23:26,Москва,6:10,6:20,А,18.04.2025
18.04.2025 23:26,Москва,6:25,6:34,А,18.04.2025
18.04.2025 23:26,Сочи,6:40,7:15,А,18.04.2025
18.04.2025 23:26,Махачкала,6:50,7:27,А,18.04.2025
18.04.2025 23:26,Москва,7:05,7:20,А,18.04.2025
18.04.2025 23:26,Новый Уренгой,7:50,7:50,А,18.04.2025
18.04.2025 23:26,Москва,8:00,8:05,А,18.04.2025
18.04.2025 23:26,Шарм-эль-Шейх,9:55,10:46,Б,18.04.2025
18.04.2025 23:26,Шарм-эль-Шейх,11:45,12:02,Б,18.04.2025
18.04.2025 23:26,Москва,13:30,13:35,А,18.04.2025
18.04.2025 23:26,Самара,14:05,14:05,А,18.04.2025
18.04.2025 23:26,Минеральные Воды,14:40,14:43,А,18.04.2025
18.04.2025 23:26,Усинск,15:20,15:25,А,18.04.2025
18.04.2025 23:26,Москва,16:00,16:06,А,18.04.2025
18.04.2025 23:26,Ижевск,17:10,17:15,А,18.04.2025
18.04.2025 23:26,Новосибирск,17:35,17:43,А,18.04.2025
18.04.2025 23:26,Ижевск,18:30,18:32,А,18.04.2025
18.04.2025 23:26,Нижневартовск,18:50,18:52,А,18.04.2025
18.04.2025 23:26,Казань,19:00,19:11,А,18.04.2025
18.04.2025 23:26,Москва,20:20,20:20,А,18.04.2025
18.04.2025 23:26,Пхукет,22:40,22:57,Б,18.04.2025
18.04.2025 23:26,Москва,23:05,23:11,А,18.04.2025
18.04.2025 23:26,Москва,0:45,0:40,А,19.04.2025
18.04.2025 23:26,Хургада,1:40,2:36,Б,19.04.2025
18.04.2025 23:26,Санкт-Петербург,2:40,2:31,А,19.04.2025
18.04.2025 23:26,Москва,3:45,3:37,А,19.04.2025
18.04.2025 23:26,Санкт-Петербург,3:55,3:32,А,19.04.2025
18.04.2025 23:26,Москва,4:00,3:45,А,19.04.2025
18.04.2025 23:26,Сочи,4:20,4:47,А,19.04.2025
18.04.2025 23:26,Сочи,5:35,5:49,А,18.04.2025
18.04.2025 23:26,Минеральные Воды,5:45,6:11,А,18.04.2025
18.04.2025 23:26,Москва,7:00,6:46,А,18.04.2025
18.04.2025 23:26,Казань,7:10,7:10,А,18.04.2025
18.04.2025 23:26,Шарм-эль-Шейх,7:40,9:13,Б,18.04.2025
18.04.2025 23:26,Москва,12:40,12:32,А,18.04.2025
18.04.2025 23:26,Новый Уренгой,13:25,13:11,А,18.04.2025
18.04.2025 23:26,Махачкала,13:40,13:30,А,18.04.2025
18.04.2025 23:26,Усинск,14:30,14:28,А,18.04.2025
18.04.2025 23:26,Москва,15:10,15:08,А,18.04.2025
18.04.2025 23:26,Ноябрьск,16:10,15:46,А,18.04.2025
18.04.2025 23:26,Новосибирск,17:00,16:58,А,18.04.2025
18.04.2025 23:26,Ноябрьск,17:20,17:12,А,18.04.2025
18.04.2025 23:26,Норильск,17:30,17:04,А,18.04.2025
18.04.2025 23:26,Самара,18:00,17:59,А,18.04.2025
18.04.2025 23:26,Москва,19:20,18:58,А,18.04.2025
18.04.2025 23:26,Пхукет,19:35,20:06,Б,18.04.2025
18.04.2025 23:26,Москва,22:10,22:08,А,18.04.2025
18.04.2025 23:26,Казань,23:40,23:22,А,18.04.2025
18.04.2025 23:26,Анталья,23:50,23:50,Б,18.04.2025
19.04.2025 23:27,Казань,1:05,1:05,А,20.04.2025
19.04.2025 23:27,Анталья,1:30,1:47,Б,20.04.2025
19.04.2025 23:27,Норильск,1:50,1:53,А,20.04.2025
19.04.2025 23:27,Санкт-Петербург,3:40,9:50,А,20.04.2025
19.04.2025 23:27,Сочи,5:25,5:38,А,19.04.2025
19.04.2025 23:27,Санкт-Петербург,5:40,5:47,А,19.04.2025
19.04.2025 23:27,Москва,6:10,6:13,А,19.04.2025
19.04.2025 23:27,Москва,6:25,6:28,А,19.04.2025
19.04.2025 23:27,Москва,7:05,7:07,А,19.04.2025
19.04.2025 23:27,Москва,8:00,8:08,А,19.04.2025
19.04.2025 23:27,Минск,12:35,12:51,Б,19.04.2025
19.04.2025 23:27,Минск,12:35,12:51,Б,19.04.2025
19.04.2025 23:27,Москва,13:30,13:35,А,19.04.2025
19.04.2025 23:27,Сургут,13:45,13:53,А,19.04.2025
19.04.2025 23:27,Москва,16:00,16:05,А,19.04.2025
19.04.2025 23:27,Новосибирск,17:35,18:02,А,19.04.2025
19.04.2025 23:27,Сочи,18:15,18:23,А,19.04.2025
19.04.2025 23:27,Сочи,18:15,18:23,А,19.04.2025
19.04.2025 23:27,Москва,20:20,20:20,А,19.04.2025
19.04.2025 23:27,Москва,23:05,23:18,А,19.04.2025
19.04.2025 23:27,Нижневартовск,0:05,23:40,А,20.04.2025
19.04.2025 23:27,Москва,0:45,0:29,А,20.04.2025
19.04.2025 23:27,Санкт-Петербург,2:40,2:33,А,20.04.2025
19.04.2025 23:27,Москва,3:45,3:46,А,20.04.2025
19.04.2025 23:27,Санкт-Петербург,3:55,3:40,А,20.04.2025
19.04.2025 23:27,Москва,4:00,3:51,А,20.04.2025
19.04.2025 23:27,Сочи,4:25,4:37,А,20.04.2025
19.04.2025 23:27,Москва,7:00,6:44,А,19.04.2025
19.04.2025 23:27,Минск,11:30,11:32,А,19.04.2025
19.04.2025 23:27,Минск,11:30,11:32,А,19.04.2025
19.04.2025 23:27,Москва,12:40,12:22,А,19.04.2025
19.04.2025 23:27,Сургут,12:50,13:05,А,19.04.2025
19.04.2025 23:27,Москва,15:10,14:59,А,19.04.2025
19.04.2025 23:27,Новосибирск,17:00,17:16,А,19.04.2025
19.04.2025 23:27,Сочи,17:15,17:10,А,19.04.2025
19.04.2025 23:27,Сочи,17:15,17:10,А,19.04.2025
19.04.2025 23:27,Москва,19:20,19:04,А,19.04.2025
19.04.2025 23:27,Москва,22:10,22:09,А,19.04.2025
20.04.2025 23:26,Сургут,2:10,3:10,А,21.04.2025
20.04.2025 23:26,Санкт-Петербург,3:40,3:52,А,21.04.2025
20.04.2025 23:26,Санкт-Петербург,5:40,5:54,А,20.04.2025
20.04.2025 23:26,Сочи,5:50,6:01,А,20.04.2025
20.04.2025 23:26,Москва,6:10,6:17,А,20.04.2025
20.04.2025 23:26,Москва,6:25,6:28,А,20.04.2025
20.04.2025 23:26,Сочи,6:40,6:53,А,20.04.2025
20.04.2025 23:26,Москва,7:05,7:09,А,20.04.2025
20.04.2025 23:26,Москва,8:00,8:00,А,20.04.2025
20.04.2025 23:26,Москва,13:30,13:33,А,20.04.2025
20.04.2025 23:26,Калининград,13:50,13:50,А,20.04.2025
20.04.2025 23:26,Калининград,13:50,13:50,А,20.04.2025
20.04.2025 23:26,Когалым,14:50,15:32,А,20.04.2025
20.04.2025 23:26,Наманган,15:00,15:25,Б,20.04.2025
20.04.2025 23:26,Москва,16:00,16:10,А,20.04.2025
20.04.2025 23:26,Новосибирск,17:35,18:51,А,20.04.2025
20.04.2025 23:26,Баку,20:00,20:39,Б,20.04.2025
20.04.2025 23:26,Москва,20:20,20:22,А,20.04.2025
20.04.2025 23:26,Москва,23:05,23:07,А,20.04.2025
20.04.2025 23:26,Тюмень,23:10,23:12,А,20.04.2025
20.04.2025 23:26,Москва,0:45,0:28,А,21.04.2025
20.04.2025 23:26,Москва,2:10,1:34,А,21.04.2025
20.04.2025 23:26,Санкт-Петербург,2:40,2:28,А,21.04.2025
20.04.2025 23:26,Москва,3:45,3:39,А,21.04.2025
20.04.2025 23:26,Санкт-Петербург,3:55,3:48,А,21.04.2025
20.04.2025 23:26,Москва,4:00,4:00,А,21.04.2025
20.04.2025 23:26,Сочи,4:25,4:25,А,21.04.2025
20.04.2025 23:26,Сочи,5:35,5:41,А,20.04.2025
20.04.2025 23:26,Москва,7:00,6:48,А,20.04.2025
20.04.2025 23:26,Москва,12:40,12:25,А,20.04.2025
20.04.2025 23:26,Калининград,12:50,12:30,А,20.04.2025
20.04.2025 23:26,Калининград,12:50,12:30,А,20.04.2025
20.04.2025 23:26,Наманган,13:05,12:43,Б,20.04.2025
20.04.2025 23:26,Тюмень,14:00,14:04,А,20.04.2025
20.04.2025 23:26,Москва,15:10,15:05,А,20.04.2025
20.04.2025 23:26,Новосибирск,17:00,18:05,А,20.04.2025
20.04.2025 23:26,Баку,19:00,19:13,Б,20.04.2025
20.04.2025 23:26,Москва,19:20,19:03,А,20.04.2025
20.04.2025 23:26,Москва,22:10,21:51,А,20.04.2025
20.04.2025 23:26,Когалым,22:20,22:08,А,20.04.2025
21.04.2025 23:26,Санкт-Петербург,3:40,3:55,А,22.04.2025
21.04.2025 23:26,Сочи,5:25,12:48,А,21.04.2025
21.04.2025 23:26,Санкт-Петербург,5:40,5:56,А,21.04.2025
21.04.2025 23:26,Москва,6:10,6:12,А,21.04.2025
21.04.2025 23:26,Москва,6:25,6:31,А,21.04.2025
21.04.2025 23:26,Москва,7:05,7:07,А,21.04.2025
21.04.2025 23:26,Москва,8:00,8:00,А,21.04.2025
21.04.2025 23:26,Новый Уренгой,13:10,13:12,А,21.04.2025
21.04.2025 23:26,Москва,13:30,13:33,А,21.04.2025
21.04.2025 23:26,Сургут,13:50,13:59,А,21.04.2025
21.04.2025 23:26,Москва,16:00,16:11,А,21.04.2025
21.04.2025 23:26,Новосибирск,17:35,18:32,А,21.04.2025
21.04.2025 23:26,Казань,20:00,20:00,А,21.04.2025
21.04.2025 23:26,Москва,20:20,20:25,А,21.04.2025
21.04.2025 23:26,Москва,22:25,22:44,А,21.04.2025
21.04.2025 23:26,Москва,23:05,23:16,А,21.04.2025
21.04.2025 23:26,Москва,0:45,0:30,А,22.04.2025
21.04.2025 23:26,Санкт-Петербург,2:40,2:30,А,22.04.2025
21.04.2025 23:26,Москва,3:45,3:40,А,22.04.2025
21.04.2025 23:26,Санкт-Петербург,3:55,3:32,А,22.04.2025
21.04.2025 23:26,Москва,4:00,3:49,А,22.04.2025
21.04.2025 23:26,Сочи,4:25,4:12,А,22.04.2025
21.04.2025 23:26,Москва,7:00,6:35,А,21.04.2025
21.04.2025 23:26,Казань,12:30,12:10,А,21.04.2025
21.04.2025 23:26,Москва,12:40,12:33,А,21.04.2025
21.04.2025 23:26,Сургут,12:55,12:44,А,21.04.2025
21.04.2025 23:26,Москва,15:10,15:06,А,21.04.2025
21.04.2025 23:26,Новосибирск,17:00,17:46,А,21.04.2025
21.04.2025 23:26,Новый Уренгой,19:05,18:57,А,21.04.2025
21.04.2025 23:26,Москва,19:20,19:04,А,21.04.2025
21.04.2025 23:26,Москва,21:55,21:56,А,21.04.2025
21.04.2025 23:26,Москва,22:10,22:03,А,21.04.2025
22.04.2025 23:26,Санкт-Петербург,3:40,3:47,А,23.04.2025
22.04.2025 23:26,Сочи,5:25,8:08,А,22.04.2025
22.04.2025 23:26,Санкт-Петербург,5:40,5:46,А,22.04.2025
22.04.2025 23:26,Москва,6:10,6:58,А,22.04.2025
22.04.2025 23:26,Москва,6:25,6:34,А,22.04.2025
22.04.2025 23:26,Сочи,6:40,8:19,А,22.04.2025
22.04.2025 23:26,Махачкала,6:50,7:19,А,22.04.2025
22.04.2025 23:26,Москва,7:05,7:13,А,22.04.2025
22.04.2025 23:26,Минск,12:35,12:49,Б,22.04.2025
22.04.2025 23:26,Минск,12:35,12:49,Б,22.04.2025
22.04.2025 23:26,Москва,13:30,13:37,А,22.04.2025
22.04.2025 23:26,Минеральные Воды,14:40,14:42,А,22.04.2025
22.04.2025 23:26,Москва,16:00,16:02,А,22.04.2025
22.04.2025 23:26,Новосибирск,17:35,18:05,А,22.04.2025
22.04.2025 23:26,Сочи,18:10,18:16,А,22.04.2025
22.04.2025 23:26,Сочи,18:10,18:16,А,22.04.2025
22.04.2025 23:26,Москва,20:20,20:20,А,22.04.2025
22.04.2025 23:26,Москва,23:05,23:08,А,22.04.2025
22.04.2025 23:26,Москва,0:45,0:33,А,23.04.2025
22.04.2025 23:26,Санкт-Петербург,2:40,2:29,А,23.04.2025
22.04.2025 23:26,Москва,3:45,3:41,А,23.04.2025
22.04.2025 23:26,Санкт-Петербург,3:55,3:33,А,23.04.2025
22.04.2025 23:26,Москва,4:00,4:14,А,23.04.2025
22.04.2025 23:26,Сочи,4:25,6:02,А,23.04.2025
22.04.2025 23:26,Сочи,5:35,5:40,А,22.04.2025
22.04.2025 23:26,Минеральные Воды,5:45,5:52,А,22.04.2025
22.04.2025 23:26,Минск,11:30,11:33,Б,22.04.2025
22.04.2025 23:26,Минск,11:30,11:33,Б,22.04.2025
22.04.2025 23:26,Москва,12:40,12:27,А,22.04.2025
22.04.2025 23:26,Махачкала,13:40,13:40,А,22.04.2025
22.04.2025 23:26,Москва,15:10,14:58,А,22.04.2025
22.04.2025 23:26,Новосибирск,17:00,17:17,А,22.04.2025
22.04.2025 23:26,Сочи,17:10,16:50,А,22.04.2025
22.04.2025 23:26,Сочи,17:10,16:50,А,22.04.2025
22.04.2025 23:26,Москва,19:20,19:07,А,22.04.2025
22.04.2025 23:26,Москва,22:10,22:05,А,22.04.2025
23.04.2025 23:26,Санкт-Петербург,3:40,3:49,А,24.04.2025
23.04.2025 23:26,Санкт-Петербург,5:40,5:47,А,23.04.2025
23.04.2025 23:26,Сочи,5:50,7:50,А,23.04.2025
23.04.2025 23:26,Москва,6:10,6:10,А,23.04.2025
23.04.2025 23:26,Москва,6:25,6:34,А,23.04.2025
23.04.2025 23:26,Москва,7:05,7:10,А,23.04.2025
23.04.2025 23:26,Москва,13:30,13:35,А,23.04.2025
23.04.2025 23:26,Самара,13:55,14:21,А,23.04.2025
23.04.2025 23:26,Москва,16:00,16:12,А,23.04.2025
23.04.2025 23:26,Новосибирск,17:35,17:46,А,23.04.2025
23.04.2025 23:26,Усинск,17:55,18:14,А,23.04.2025
23.04.2025 23:26,Ереван,20:10,20:22,Б,23.04.2025
23.04.2025 23:26,Москва,20:20,20:33,А,23.04.2025
23.04.2025 23:26,Нижневартовск,20:40,20:40,А,23.04.2025
23.04.2025 23:26,Казань,22:20,22:35,А,23.04.2025
23.04.2025 23:26,Москва,22:25,22:39,А,23.04.2025
23.04.2025 23:26,Москва,23:05,23:15,А,23.04.2025
23.04.2025 23:26,Москва,0:45,0:26,А,24.04.2025
23.04.2025 23:26,Санкт-Петербург,2:40,2:32,А,24.04.2025
23.04.2025 23:26,Москва,3:45,3:43,А,24.04.2025
23.04.2025 23:26,Санкт-Петербург,3:55,3:35,А,24.04.2025
23.04.2025 23:26,Москва,4:00,4:01,А,24.04.2025
23.04.2025 23:26,Сочи,4:20,4:29,А,24.04.2025
23.04.2025 23:26,Москва,12:40,12:31,А,23.04.2025
23.04.2025 23:26,Казань,13:00,13:40,А,23.04.2025
23.04.2025 23:26,Москва,15:10,15:07,А,23.04.2025
23.04.2025 23:26,Новосибирск,17:00,16:57,А,23.04.2025
23.04.2025 23:26,Самара,17:10,17:24,А,23.04.2025
23.04.2025 23:26,Ереван,19:00,18:10,А,23.04.2025
23.04.2025 23:26,Москва,19:20,18:58,А,23.04.2025
23.04.2025 23:26,Нижневартовск,19:40,19:36,А,23.04.2025
23.04.2025 23:26,Усинск,21:25,21:50,А,23.04.2025
23.04.2025 23:26,Москва,21:55,21:45,А,23.04.2025
23.04.2025 23:26,Москва,22:10,21:56,А,23.04.2025
24.04.2025 23:26,Санкт-Петербург,3:40,3:50,А,25.04.2025
24.04.2025 23:26,Сочи,5:25,7:20,А,24.04.2025
24.04.2025 23:26,Санкт-Петербург,5:40,5:48,А,24.04.2025
24.04.2025 23:26,Москва,6:10,6:13,А,24.04.2025
24.04.2025 23:26,Москва,6:25,6:27,А,24.04.2025
24.04.2025 23:26,Москва,7:05,17:04,А,24.04.2025
24.04.2025 23:26,Москва,13:30,13:47,А,24.04.2025
24.04.2025 23:26,Калининград,13:50,13:58,А,24.04.2025
24.04.2025 23:26,Калининград,13:50,13:58,А,24.04.2025
24.04.2025 23:26,Москва,16:00,16:02,А,24.04.2025
24.04.2025 23:26,Новосибирск,17:35,17:52,А,24.04.2025
24.04.2025 23:26,Москва,20:20,20:20,А,24.04.2025
24.04.2025 23:26,Москва,22:25,22:38,А,24.04.2025
24.04.2025 23:26,Москва,23:05,23:15,А,24.04.2025
24.04.2025 23:26,Москва,0:45,0:22,А,25.04.2025
24.04.2025 23:26,Санкт-Петербург,2:40,2:40,А,25.04.2025
24.04.2025 23:26,Москва,3:45,3:32,А,25.04.2025
24.04.2025 23:26,Санкт-Петербург,3:55,3:44,А,25.04.2025
24.04.2025 23:26,Москва,4:00,4:13,А,25.04.2025
24.04.2025 23:26,Сочи,4:25,16:15,А,25.04.2025
24.04.2025 23:26,Москва,12:40,12:35,А,24.04.2025
24.04.2025 23:26,Калининград,12:50,12:42,А,24.04.2025
24.04.2025 23:26,Калининград,12:50,12:42,А,24.04.2025
24.04.2025 23:26,Москва,15:10,14:56,А,24.04.2025
24.04.2025 23:26,Новосибирск,17:00,16:59,А,24.04.2025
24.04.2025 23:26,Москва,19:20,18:58,А,24.04.2025
24.04.2025 23:26,Москва,21:55,21:39,А,24.04.2025
24.04.2025 23:26,Москва,22:10,21:59,А,24.04.2025
25.04.2025 23:26,Шарм-эль-Шейх,3:30,4:23,Б,26.04.2025
25.04.2025 23:26,Санкт-Петербург,3:40,3:50,А,26.04.2025
25.04.2025 23:26,Санкт-Петербург,5:40,5:47,А,25.04.2025
25.04.2025 23:26,Сочи,5:50,5:55,А,25.04.2025
25.04.2025 23:26,Москва,6:10,6:12,А,25.04.2025
25.04.2025 23:26,Москва,6:25,6:34,А,25.04.2025
25.04.2025 23:26,Сочи,6:40,8:30,А,25.04.2025
25.04.2025 23:26,Махачкала,6:50,7:21,А,25.04.2025
25.04.2025 23:26,Москва,7:05,7:14,А,25.04.2025
25.04.2025 23:26,Новый Уренгой,7:50,8:00,А,25.04.2025
25.04.2025 23:26,Москва,8:00,8:05,А,25.04.2025
25.04.2025 23:26,Москва,13:30,13:45,А,25.04.2025
25.04.2025 23:26,Самара,14:05,14:26,А,25.04.2025
25.04.2025 23:26,Минеральные Воды,14:40,14:46,А,25.04.2025
25.04.2025 23:26,Усинск,14:50,14:51,А,25.04.2025
25.04.2025 23:26,Москва,16:00,16:05,А,25.04.2025
25.04.2025 23:26,Новосибирск,17:35,17:56,А,25.04.2025
25.04.2025 23:26,Нижневартовск,18:50,18:56,А,25.04.2025
25.04.2025 23:26,Казань,19:00,19:05,А,25.04.2025
25.04.2025 23:26,Москва,20:20,20:21,А,25.04.2025
25.04.2025 23:26,Москва,23:05,23:09,А,25.04.2025
25.04.2025 23:26,Москва,0:45,0:27,А,26.04.2025
25.04.2025 23:26,Шарм-эль-Шейх,2:10,2:32,Б,26.04.2025
25.04.2025 23:26,Санкт-Петербург,2:40,2:28,А,26.04.2025
25.04.2025 23:26,Москва,3:45,3:31,А,26.04.2025
25.04.2025 23:26,Санкт-Петербург,3:55,3:45,А,26.04.2025
25.04.2025 23:26,Москва,4:00,4:16,А,26.04.2025
25.04.2025 23:26,Сочи,4:20,4:26,А,26.04.2025
25.04.2025 23:26,Сочи,5:35,7:09,А,25.04.2025
25.04.2025 23:26,Минеральные Воды,5:45,6:30,А,25.04.2025
25.04.2025 23:26,Москва,7:00,6:40,А,25.04.2025
25.04.2025 23:26,Казань,7:10,7:04,А,25.04.2025
25.04.2025 23:26,Москва,12:40,12:31,А,25.04.2025
25.04.2025 23:26,Новый Уренгой,13:25,13:33,А,25.04.2025
25.04.2025 23:26,Махачкала,13:40,13:27,А,25.04.2025
25.04.2025 23:26,Усинск,14:00,13:40,А,25.04.2025
25.04.2025 23:26,Москва,15:10,14:56,А,25.04.2025
25.04.2025 23:26,Новосибирск,17:00,17:06,А,25.04.2025
25.04.2025 23:26,Норильск,17:30,17:34,А,25.04.2025
25.04.2025 23:26,Самара,18:00,17:51,А,25.04.2025
25.04.2025 23:26,Москва,19:20,19:11,А,25.04.2025
25.04.2025 23:26,Москва,22:10,21:56,А,25.04.2025
25.04.2025 23:26,Казань,23:40,23:18,А,25.04.2025
26.04.2025 23:26,Казань,1:05,1:05,А,27.04.2025
26.04.2025 23:26,Норильск,1:50,1:54,А,27.04.2025
26.04.2025 23:26,Санкт-Петербург,3:40,3:45,А,27.04.2025
26.04.2025 23:26,Минеральные Воды,5:15,5:29,А,26.04.2025
26.04.2025 23:26,Сочи,5:25,5:35,А,26.04.2025
26.04.2025 23:26,Санкт-Петербург,5:40,5:45,А,26.04.2025
26.04.2025 23:26,Москва,6:10,6:15,А,26.04.2025
26.04.2025 23:26,Москва,6:25,6:42,А,26.04.2025
26.04.2025 23:26,Москва,7:05,7:11,А,26.04.2025
26.04.2025 23:26,Санкт-Петербург,7:35,7:41,А,26.04.2025
26.04.2025 23:26,Москва,8:00,8:00,А,26.04.2025
26.04.2025 23:26,Минск,12:35,12:38,Б,26.04.2025
26.04.2025 23:26,Минск,12:35,12:38,Б,26.04.2025
26.04.2025 23:26,Москва,13:30,13:31,А,26.04.2025
26.04.2025 23:26,Сургут,13:45,14:37,А,26.04.2025
26.04.2025 23:26,Москва,16:00,16:01,А,26.04.2025
26.04.2025 23:26,Новосибирск,17:35,18:07,А,26.04.2025
26.04.2025 23:26,Сочи,18:15,18:26,А,26.04.2025
26.04.2025 23:26,Москва,20:20,20:20,А,26.04.2025
26.04.2025 23:26,Москва,22:25,23:40,А,26.04.2025
26.04.2025 23:26,Москва,23:05,23:05,А,26.04.2025
26.04.2025 23:26,Нижневартовск,0:05,23:54,А,27.04.2025
26.04.2025 23:26,Москва,0:45,0:35,А,27.04.2025
26.04.2025 23:26,Санкт-Петербург,2:40,2:32,А,27.04.2025
26.04.2025 23:26,Москва,3:45,3:32,А,27.04.2025
26.04.2025 23:26,Санкт-Петербург,3:55,3:40,А,27.04.2025
26.04.2025 23:26,Москва,4:00,4:12,А,27.04.2025
26.04.2025 23:26,Минеральные Воды,4:15,4:21,А,27.04.2025
26.04.2025 23:26,Сочи,4:25,4:35,А,27.04.2025
26.04.2025 23:26,Санкт-Петербург,6:55,6:46,А,26.04.2025
26.04.2025 23:26,Москва,7:00,6:37,А,26.04.2025
26.04.2025 23:26,Минск,11:30,11:29,Б,26.04.2025
26.04.2025 23:26,Минск,11:30,11:29,Б,26.04.2025
26.04.2025 23:26,Москва,12:40,12:20,А,26.04.2025
26.04.2025 23:26,Сургут,12:50,13:49,А,26.04.2025
26.04.2025 23:26,Москва,15:10,14:50,А,26.04.2025
26.04.2025 23:26,Новосибирск,17:00,17:16,А,26.04.2025
26.04.2025 23:26,Сочи,17:15,16:41,А,26.04.2025
26.04.2025 23:26,Москва,19:20,19:03,А,26.04.2025
26.04.2025 23:26,Санкт-Петербург,20:45,20:35,А,26.04.2025
26.04.2025 23:26,Москва,21:55,23:15,А,26.04.2025
26.04.2025 23:26,Москва,22:10,21:46,А,26.04.2025
27.04.2025 23:26,Москва,22:25,0:02,А,27.04.2025
27.04.2025 23:26,Санкт-Петербург,3:40,3:40,А,28.04.2025
27.04.2025 23:26,Санкт-Петербург,5:40,5:49,А,27.04.2025
27.04.2025 23:26,Сочи,5:50,5:57,А,27.04.2025
27.04.2025 23:26,Москва,6:10,6:22,А,27.04.2025
27.04.2025 23:26,Москва,6:25,6:29,А,27.04.2025
27.04.2025 23:26,Сочи,6:40,6:53,А,27.04.2025
27.04.2025 23:26,Москва,7:05,7:19,А,27.04.2025
27.04.2025 23:26,Калининград,7:50,7:54,А,27.04.2025
27.04.2025 23:26,Москва,8:00,8:02,А,27.04.2025
27.04.2025 23:26,Москва,13:30,13:33,А,27.04.2025
27.04.2025 23:26,Когалым,14:50,14:50,А,27.04.2025
27.04.2025 23:26,Наманган,15:00,15:22,Б,27.04.2025
27.04.2025 23:26,Москва,16:00,16:09,А,27.04.2025
27.04.2025 23:26,Анталья,16:40,16:49,Б,27.04.2025
27.04.2025 23:26,Новосибирск,17:35,17:36,А,27.04.2025
27.04.2025 23:26,Баку,20:00,20:13,Б,27.04.2025
27.04.2025 23:26,Москва,20:20,20:29,А,27.04.2025
27.04.2025 23:26,Москва,23:05,23:14,А,27.04.2025
27.04.2025 23:26,Тюмень,23:10,23:10,А,27.04.2025
27.04.2025 23:26,Москва,0:45,0:29,А,28.04.2025
27.04.2025 23:26,Санкт-Петербург,2:40,2:36,А,28.04.2025
27.04.2025 23:26,Москва,3:45,3:51,А,28.04.2025
27.04.2025 23:26,Санкт-Петербург,3:55,3:43,А,28.04.2025
27.04.2025 23:26,Москва,4:00,4:04,А,28.04.2025
27.04.2025 23:26,Сочи,4:25,4:35,А,28.04.2025
27.04.2025 23:26,Сочи,5:35,5:22,А,27.04.2025
27.04.2025 23:26,Калининград,6:50,6:40,А,27.04.2025
27.04.2025 23:26,Москва,7:00,7:04,А,27.04.2025
27.04.2025 23:26,Москва,12:40,12:31,А,27.04.2025
27.04.2025 23:26,Наманган,13:05,12:50,Б,27.04.2025
27.04.2025 23:26,Тюмень,14:00,13:37,А,27.04.2025
27.04.2025 23:26,Москва,15:10,15:00,А,27.04.2025
27.04.2025 23:26,Анталья,15:30,14:55,Б,27.04.2025
27.04.2025 23:26,Новосибирск,17:00,16:44,А,27.04.2025
27.04.2025 23:26,Баку,19:00,18:51,Б,27.04.2025
27.04.2025 23:26,Москва,19:20,19:08,А,27.04.2025
27.04.2025 23:26,Москва,22:10,21:57,А,27.04.2025
27.04.2025 23:26,Когалым,22:20,21:51,А,27.04.2025
28.04.2025 23:26,Санкт-Петербург,2:50,0:32,А,29.04.2025
28.04.2025 23:26,Анталья,3:05,3:46,Б,29.04.2025
28.04.2025 23:26,Санкт-Петербург,3:40,3:57,А,29.04.2025
28.04.2025 23:26,Сочи,5:25,4:50,А,28.04.2025
28.04.2025 23:26,Санкт-Петербург,5:40,5:50,А,28.04.2025
28.04.2025 23:26,Москва,6:10,6:23,А,28.04.2025
28.04.2025 23:26,Москва,6:25,6:49,А,28.04.2025
28.04.2025 23:26,Москва,7:05,8:15,А,28.04.2025
28.04.2025 23:26,Санкт-Петербург,7:35,8:10,А,28.04.2025
28.04.2025 23:26,Москва,8:00,8:22,А,28.04.2025
28.04.2025 23:26,Новый Уренгой,13:10,16:40,А,28.04.2025
28.04.2025 23:26,Сургут,13:50,6:30,А,28.04.2025
28.04.2025 23:26,Москва,15:20,6:50,А,28.04.2025
28.04.2025 23:26,Москва,16:00,5:05,А,28.04.2025
28.04.2025 23:26,Новосибирск,17:35,7:30,А,28.04.2025
28.04.2025 23:26,Казань,20:00,7:00,А,28.04.2025
28.04.2025 23:26,Москва,20:20,6:25,А,28.04.2025
28.04.2025 23:26,Москва,22:25,7:15,А,28.04.2025
28.04.2025 23:26,Москва,23:05,7:00,А,28.04.2025
28.04.2025 23:26,Москва,0:45,0:27,А,29.04.2025
28.04.2025 23:26,Анталья,2:05,1:11,Б,29.04.2025
28.04.2025 23:26,Санкт-Петербург,2:40,2:29,А,29.04.2025
28.04.2025 23:26,Москва,3:45,3:33,А,29.04.2025
28.04.2025 23:26,Санкт-Петербург,3:55,3:39,А,29.04.2025
28.04.2025 23:26,Москва,4:00,3:49,А,29.04.2025
28.04.2025 23:26,Сочи,4:25,4:06,А,29.04.2025
28.04.2025 23:26,Санкт-Петербург,6:55,6:37,А,28.04.2025
28.04.2025 23:26,Москва,7:00,6:44,А,28.04.2025
28.04.2025 23:26,Москва,14:30,7:00,А,28.04.2025
28.04.2025 23:26,Екатеринбург,14:30,7:00,А,28.04.2025
28.04.2025 23:26,Казань,14:40,6:30,А,28.04.2025
28.04.2025 23:26,Ижевск,14:40,6:30,А,28.04.2025
28.04.2025 23:26,Екатеринбург,15:00,5:30,А,28.04.2025
28.04.2025 23:26,Сургут,15:00,5:30,А,28.04.2025
28.04.2025 23:26,Москва,15:10,4:15,А,28.04.2025
28.04.2025 23:26,Екатеринбург,16:00,5:00,Б,28.04.2025
28.04.2025 23:26,Шарм-эль-Шейх,16:00,5:00,Б,28.04.2025
28.04.2025 23:26,Новосибирск,17:00,6:27,А,28.04.2025
28.04.2025 23:26,Новый Уренгой,19:05,11:00,А,28.04.2025
28.04.2025 23:26,Москва,19:20,5:35,А,28.04.2025
28.04.2025 23:26,Москва,21:55,6:48,А,28.04.2025
28.04.2025 23:26,Москва,22:10,6:10,А,28.04.2025
29.04.2025 23:26,Сочи,5:25,11:07,А,29.04.2025
29.04.2025 23:26,Новый Уренгой,13:10,10:34,А,29.04.2025
29.04.2025 23:26,Сургут,13:50,12:32,А,29.04.2025
29.04.2025 23:26,Москва,15:20,7:50,А,29.04.2025
29.04.2025 23:26,Москва,16:00,5:05,А,29.04.2025
29.04.2025 23:26,Новосибирск,17:35,17:35,А,29.04.2025
29.04.2025 23:26,Казань,20:00,10:10,А,29.04.2025
29.04.2025 23:26,Москва,20:20,6:25,А,29.04.2025
29.04.2025 23:26,Москва,22:25,22:12,А,29.04.2025
29.04.2025 23:26,Москва,23:05,7:00,А,29.04.2025
29.04.2025 23:26,Хургада,0:05,21:55,Б,30.04.2025
29.04.2025 23:26,Анталья,2:00,16:35,Б,30.04.2025
29.04.2025 23:26,Анталья,3:00,14:40,Б,30.04.2025
29.04.2025 23:26,Санкт-Петербург,3:40,13:01,А,30.04.2025
29.04.2025 23:26,Сочи,5:25,12:54,А,29.04.2025
29.04.2025 23:26,Санкт-Петербург,5:40,11:49,А,29.04.2025
29.04.2025 23:26,Шарм-эль-Шейх,5:55,12:48,Б,29.04.2025
29.04.2025 23:26,Москва,6:10,7:40,А,29.04.2025
29.04.2025 23:26,Москва,6:25,6:25,А,29.04.2025
29.04.2025 23:26,Сочи,6:40,13:30,А,29.04.2025
29.04.2025 23:26,Махачкала,6:50,10:20,А,29.04.2025
29.04.2025 23:26,Москва,7:05,12:50,А,29.04.2025
29.04.2025 23:26,Санкт-Петербург,7:35,8:02,А,29.04.2025
29.04.2025 23:26,Москва,7:40,11:21,А,29.04.2025
29.04.2025 23:26,Москва,11:00,14:05,А,29.04.2025
29.04.2025 23:26,Москва,12:05,13:14,А,29.04.2025
29.04.2025 23:26,Новый Уренгой,12:30,13:54,А,29.04.2025
29.04.2025 23:26,Минск,12:35,14:43,А,29.04.2025
29.04.2025 23:26,Минск,12:35,14:43,А,29.04.2025
29.04.2025 23:26,Москва,13:30,13:46,А,29.04.2025
29.04.2025 23:26,Шарм-эль-Шейх,14:00,16:21,Б,29.04.2025
29.04.2025 23:26,Минеральные Воды,14:40,17:40,А,29.04.2025
29.04.2025 23:26,Москва,16:00,16:04,А,29.04.2025
29.04.2025 23:26,Новосибирск,17:35,17:50,А,29.04.2025
29.04.2025 23:26,Сочи,18:15,20:26,А,29.04.2025
29.04.2025 23:26,Москва,20:20,20:31,А,29.04.2025
29.04.2025 23:26,Москва,23:05,23:08,А,29.04.2025
29.04.2025 23:26,Екатеринбург,14:30,9:48,А,29.04.2025
29.04.2025 23:26,Москва,14:30,9:48,А,29.04.2025
29.04.2025 23:26,Ижевск,14:40,9:25,А,29.04.2025
29.04.2025 23:26,Казань,14:40,9:25,А,29.04.2025
29.04.2025 23:26,Сургут,15:00,10:41,А,29.04.2025
29.04.2025 23:26,Екатеринбург,15:00,10:41,А,29.04.2025
29.04.2025 23:26,Москва,15:10,4:15,А,29.04.2025
29.04.2025 23:26,Шарм-эль-Шейх,16:00,13:10,Б,29.04.2025
29.04.2025 23:26,Екатеринбург,16:00,13:10,Б,29.04.2025
29.04.2025 23:26,Новосибирск,17:00,17:00,А,29.04.2025
29.04.2025 23:26,Москва,19:20,5:35,А,29.04.2025
29.04.2025 23:26,Москва,21:55,10:54,А,29.04.2025
29.04.2025 23:26,Москва,22:10,6:10,А,29.04.2025
29.04.2025 23:26,Москва,0:45,5:40,А,30.04.2025
29.04.2025 23:26,Санкт-Петербург,2:40,11:02,А,30.04.2025
29.04.2025 23:26,Москва,3:45,7:10,А,30.04.2025
29.04.2025 23:26,Санкт-Петербург,3:55,9:40,А,30.04.2025
29.04.2025 23:26,Москва,4:00,7:10,А,30.04.2025
29.04.2025 23:26,Сочи,4:25,21:15,А,30.04.2025
29.04.2025 23:26,Анталья,5:00,13:42,Б,29.04.2025
29.04.2025 23:26,Казань,5:00,13:42,Б,29.04.2025
29.04.2025 23:26,Казань,5:00,19:59,Б,29.04.2025
29.04.2025 23:26,Хургада,5:00,19:59,Б,29.04.2025
29.04.2025 23:26,Сочи,5:35,11:31,А,29.04.2025
29.04.2025 23:26,Минеральные Воды,5:45,9:27,А,29.04.2025
29.04.2025 23:26,Санкт-Петербург,6:55,7:03,А,29.04.2025
29.04.2025 23:26,Екатеринбург,7:30,10:03,Б,29.04.2025
29.04.2025 23:26,Шарм-эль-Шейх,7:30,10:03,Б,29.04.2025
29.04.2025 23:26,Анталья,8:00,11:24,Б,29.04.2025
29.04.2025 23:26,Казань,8:00,11:24,Б,29.04.2025
29.04.2025 23:26,Москва,10:00,12:14,А,29.04.2025
29.04.2025 23:26,Москва,11:05,11:36,А,29.04.2025
29.04.2025 23:26,Минск,11:30,13:18,Б,29.04.2025
29.04.2025 23:26,Минск,11:30,13:18,Б,29.04.2025
29.04.2025 23:26,Новый Уренгой,11:50,12:44,А,29.04.2025
29.04.2025 23:26,Москва,12:40,12:29,А,29.04.2025
29.04.2025 23:26,Махачкала,13:40,16:50,А,29.04.2025
29.04.2025 23:26,Москва,15:10,14:56,А,29.04.2025
29.04.2025 23:26,Новосибирск,17:00,16:49,А,29.04.2025
29.04.2025 23:26,Сочи,17:15,19:08,А,29.04.2025
29.04.2025 23:26,Москва,19:20,19:04,А,29.04.2025
29.04.2025 23:26,Москва,22:10,22:01,А,29.04.2025
29.04.2025 23:26,Анталья,23:50,23:30,Б,29.04.2025
30.04.2025 23:26,Анталья,1:00,1:12,Б,01.05.2025
30.04.2025 23:26,Санкт-Петербург,3:40,3:49,А,01.05.2025
30.04.2025 23:26,Санкт-Петербург,5:40,6:00,А,30.04.2025
30.04.2025 23:26,Сочи,5:50,6:04,А,30.04.2025
30.04.2025 23:26,Москва,6:10,6:24,А,30.04.2025
30.04.2025 23:26,Москва,6:25,6:40,А,30.04.2025
30.04.2025 23:26,Москва,7:05,7:12,А,30.04.2025
30.04.2025 23:26,Санкт-Петербург,7:35,7:38,А,30.04.2025
30.04.2025 23:26,Москва,13:30,13:33,А,30.04.2025
30.04.2025 23:26,Самара,13:55,13:59,А,30.04.2025
30.04.2025 23:26,Москва,16:00,16:13,А,30.04.2025
30.04.2025 23:26,Усинск,17:55,18:30,А,30.04.2025
30.04.2025 23:26,Ереван,20:10,20:18,Б,30.04.2025
30.04.2025 23:26,Новосибирск,20:15,20:45,А,30.04.2025
30.04.2025 23:26,Москва,20:20,20:37,А,30.04.2025
30.04.2025 23:26,Нижневартовск,20:40,20:41,А,30.04.2025
30.04.2025 23:26,Казань,22:20,22:41,А,30.04.2025
30.04.2025 23:26,Москва,23:05,23:14,А,30.04.2025
30.04.2025 23:26,Москва,0:45,0:39,А,01.05.2025
30.04.2025 23:26,Санкт-Петербург,2:40,2:31,А,01.05.2025
30.04.2025 23:26,Москва,3:45,5:10,А,01.05.2025
30.04.2025 23:26,Санкт-Петербург,3:55,4:11,А,01.05.2025
30.04.2025 23:26,Москва,4:00,3:59,А,01.05.2025
30.04.2025 23:26,Сочи,4:20,4:18,А,01.05.2025
30.04.2025 23:26,Санкт-Петербург,6:55,6:32,А,30.04.2025
30.04.2025 23:26,Москва,12:40,12:28,А,30.04.2025
30.04.2025 23:26,Казань,13:00,13:11,А,30.04.2025
30.04.2025 23:26,Москва,15:10,15:04,А,30.04.2025
30.04.2025 23:26,Самара,17:10,17:13,А,30.04.2025
30.04.2025 23:26,Ереван,19:00,18:06,А,30.04.2025
30.04.2025 23:26,Москва,19:20,19:16,А,30.04.2025
30.04.2025 23:26,Новосибирск,19:30,19:52,А,30.04.2025
30.04.2025 23:26,Нижневартовск,19:40,19:40,А,30.04.2025
30.04.2025 23:26,Усинск,21:25,21:58,А,30.04.2025
30.04.2025 23:26,Москва,22:10,22:05,А,30.04.2025
01.05.2025 23:26,Анталья,2:10,2:22,Б,02.05.2025
01.05.2025 23:26,Анталья,3:05,3:37,Б,02.05.2025
01.05.2025 23:26,Санкт-Петербург,3:40,3:51,А,02.05.2025
01.05.2025 23:26,Сочи,5:25,5:33,А,01.05.2025
01.05.2025 23:26,Санкт-Петербург,5:40,5:49,А,01.05.2025
01.05.2025 23:26,Москва,6:10,6:12,А,01.05.2025
01.05.2025 23:26,Москва,6:25,6:37,А,01.05.2025
01.05.2025 23:26,Калининград,6:35,6:45,А,01.05.2025
01.05.2025 23:26,Москва,7:05,7:11,А,01.05.2025
01.05.2025 23:26,Санкт-Петербург,7:35,7:35,А,01.05.2025
01.05.2025 23:26,Москва,13:30,13:33,А,01.05.2025
01.05.2025 23:26,Махачкала,15:20,16:11,А,01.05.2025
01.05.2025 23:26,Москва,16:00,16:16,А,01.05.2025
01.05.2025 23:26,Новосибирск,17:35,17:58,А,01.05.2025
01.05.2025 23:26,Сочи,19:45,19:57,А,01.05.2025
01.05.2025 23:26,Москва,20:20,20:24,А,01.05.2025
01.05.2025 23:26,Москва,23:05,23:09,А,01.05.2025
01.05.2025 23:26,Москва,23:20,23:20,А,01.05.2025
01.05.2025 23:26,Анталья,0:25,0:12,Б,02.05.2025
01.05.2025 23:26,Москва,0:45,0:25,А,02.05.2025
01.05.2025 23:26,Анталья,2:05,1:25,Б,02.05.2025
01.05.2025 23:26,Санкт-Петербург,2:40,2:32,А,02.05.2025
01.05.2025 23:26,Санкт-Петербург,3:55,3:47,А,02.05.2025
01.05.2025 23:26,Москва,4:00,3:57,А,02.05.2025
01.05.2025 23:26,Сочи,4:25,4:03,А,02.05.2025
01.05.2025 23:26,Москва,4:40,4:27,А,02.05.2025
01.05.2025 23:26,Махачкала,5:20,4:58,А,01.05.2025
01.05.2025 23:26,Санкт-Петербург,6:55,6:33,А,01.05.2025
01.05.2025 23:26,Москва,12:40,12:31,А,01.05.2025
01.05.2025 23:26,Калининград,14:25,14:36,А,01.05.2025
01.05.2025 23:26,Москва,15:10,14:56,А,01.05.2025
01.05.2025 23:26,Новосибирск,17:00,16:59,А,01.05.2025
01.05.2025 23:26,Сочи,18:05,17:45,А,01.05.2025
01.05.2025 23:26,Москва,19:20,19:01,А,01.05.2025
01.05.2025 23:26,Москва,22:10,21:55,А,01.05.2025
01.05.2025 23:26,Москва,22:55,22:31,А,01.05.2025
02.05.2025 23:26,Анталья,3:00,3:06,Б,03.05.2025
02.05.2025 23:26,Санкт-Петербург,3:40,3:51,А,03.05.2025
02.05.2025 23:26,Сочи,5:25,5:33,А,02.05.2025
02.05.2025 23:26,Санкт-Петербург,5:40,5:55,А,02.05.2025
02.05.2025 23:26,Москва,6:10,6:10,А,02.05.2025
02.05.2025 23:26,Москва,6:25,6:29,А,02.05.2025
02.05.2025 23:26,Сочи,6:40,6:52,А,02.05.2025
02.05.2025 23:26,Махачкала,6:50,6:57,А,02.05.2025
02.05.2025 23:26,Москва,7:05,7:15,А,02.05.2025
02.05.2025 23:26,Санкт-Петербург,7:35,7:37,А,02.05.2025
02.05.2025 23:26,Новый Уренгой,7:50,7:50,А,02.05.2025
02.05.2025 23:26,Москва,8:00,8:12,А,02.05.2025
02.05.2025 23:26,Москва,13:30,15:29,А,02.05.2025
02.05.2025 23:26,Самара,14:05,14:12,А,02.05.2025
02.05.2025 23:26,Минеральные Воды,14:40,14:55,А,02.05.2025
02.05.2025 23:26,Усинск,14:50,14:50,А,02.05.2025
02.05.2025 23:26,Москва,16:00,16:05,А,02.05.2025
02.05.2025 23:26,Новосибирск,17:35,17:38,А,02.05.2025
02.05.2025 23:26,Нижневартовск,18:50,18:50,А,02.05.2025
02.05.2025 23:26,Казань,19:00,19:08,А,02.05.2025
02.05.2025 23:26,Москва,20:20,20:23,А,02.05.2025
02.05.2025 23:26,Анталья,22:40,23:01,Б,02.05.2025
02.05.2025 23:26,Москва,23:05,23:07,А,02.05.2025
02.05.2025 23:26,Москва,23:20,23:20,А,02.05.2025
02.05.2025 23:26,Москва,0:45,0:39,А,03.05.2025
02.05.2025 23:26,Анталья,1:50,1:43,Б,03.05.2025
02.05.2025 23:26,Санкт-Петербург,2:40,2:34,А,03.05.2025
02.05.2025 23:26,Москва,3:45,3:37,А,03.05.2025
02.05.2025 23:26,Санкт-Петербург,3:55,3:46,А,03.05.2025
02.05.2025 23:26,Москва,4:00,4:41,А,03.05.2025
02.05.2025 23:26,Сочи,4:25,4:09,А,03.05.2025
02.05.2025 23:26,Сочи,5:35,5:27,А,02.05.2025
02.05.2025 23:26,Минеральные Воды,5:45,5:41,А,02.05.2025
02.05.2025 23:26,Санкт-Петербург,6:55,6:38,А,02.05.2025
02.05.2025 23:26,Москва,7:00,7:10,А,02.05.2025
02.05.2025 23:26,Казань,7:10,7:03,А,02.05.2025
02.05.2025 23:26,Москва,12:40,13:05,А,02.05.2025
02.05.2025 23:26,Новый Уренгой,13:25,13:09,А,02.05.2025
02.05.2025 23:26,Махачкала,13:40,13:15,А,02.05.2025
02.05.2025 23:26,Усинск,14:00,13:24,А,02.05.2025
02.05.2025 23:26,Москва,15:10,14:58,А,02.05.2025
02.05.2025 23:26,Новосибирск,17:00,16:52,А,02.05.2025
02.05.2025 23:26,Норильск,17:30,17:15,А,02.05.2025
02.05.2025 23:26,Самара,18:00,17:45,А,02.05.2025
02.05.2025 23:26,Москва,19:20,19:02,А,02.05.2025
02.05.2025 23:26,Анталья,20:55,20:10,Б,02.05.2025
02.05.2025 23:26,Москва,22:10,21:50,А,02.05.2025
02.05.2025 23:26,Москва,22:55,22:47,А,02.05.2025
02.05.2025 23:26,Казань,23:40,23:19,А,02.05.2025
03.05.2025 23:26,Казань,1:05,1:05,А,04.05.2025
03.05.2025 23:26,Норильск,1:50,2:00,А,04.05.2025
03.05.2025 23:26,Санкт-Петербург,3:40,4:15,А,04.05.2025
03.05.2025 23:26,Сочи,5:25,5:28,А,03.05.2025
03.05.2025 23:26,Санкт-Петербург,5:40,5:47,А,03.05.2025
03.05.2025 23:26,Москва,6:10,6:10,А,03.05.2025
03.05.2025 23:26,Москва,6:25,6:25,А,03.05.2025
03.05.2025 23:26,Москва,7:05,7:09,А,03.05.2025
03.05.2025 23:26,Санкт-Петербург,7:35,7:38,А,03.05.2025
03.05.2025 23:26,Москва,8:00,8:03,А,03.05.2025
03.05.2025 23:26,Нарьян-Мар,8:15,8:22,А,03.05.2025
03.05.2025 23:26,Минск,12:35,14:55,Б,03.05.2025
03.05.2025 23:26,Минск,12:35,14:55,Б,03.05.2025
03.05.2025 23:26,Москва,13:30,13:30,А,03.05.2025
03.05.2025 23:26,Сургут,13:45,13:45,А,03.05.2025
03.05.2025 23:26,Москва,16:00,16:08,А,03.05.2025
03.05.2025 23:26,Новосибирск,17:35,17:42,А,03.05.2025
03.05.2025 23:26,Сочи,18:15,18:25,А,03.05.2025
03.05.2025 23:26,Москва,20:20,20:20,А,03.05.2025
03.05.2025 23:26,Уфа,22:00,22:06,А,03.05.2025
03.05.2025 23:26,Москва,23:05,23:08,А,03.05.2025
03.05.2025 23:26,Москва,23:20,23:20,А,03.05.2025
03.05.2025 23:26,Нижневартовск,0:05,23:38,А,04.05.2025
03.05.2025 23:26,Москва,0:45,0:31,А,04.05.2025
03.05.2025 23:26,Санкт-Петербург,2:40,2:25,А,04.05.2025
03.05.2025 23:26,Москва,3:45,3:30,А,04.05.2025
03.05.2025 23:26,Санкт-Петербург,3:55,3:35,А,04.05.2025
03.05.2025 23:26,Москва,4:00,3:40,А,04.05.2025
03.05.2025 23:26,Сочи,4:25,4:22,А,04.05.2025
03.05.2025 23:26,Санкт-Петербург,6:55,6:33,А,03.05.2025
03.05.2025 23:26,Москва,7:00,6:39,А,03.05.2025
03.05.2025 23:26,Уфа,7:15,6:51,А,03.05.2025
03.05.2025 23:26,Минск,11:30,13:38,Б,03.05.2025
03.05.2025 23:26,Минск,11:30,13:38,Б,03.05.2025
03.05.2025 23:26,Москва,12:40,12:20,А,03.05.2025
03.05.2025 23:26,Сургут,12:50,12:26,А,03.05.2025
03.05.2025 23:26,Москва,15:10,14:58,А,03.05.2025
03.05.2025 23:26,Новосибирск,17:00,17:04,А,03.05.2025
03.05.2025 23:26,Сочи,17:15,16:51,А,03.05.2025
03.05.2025 23:26,Москва,19:20,18:56,А,03.05.2025
03.05.2025 23:26,Нарьян-Мар,21:00,20:44,А,03.05.2025
03.05.2025 23:26,Москва,22:10,21:57,А,03.05.2025
03.05.2025 23:26,Москва,22:55,22:37,А,03.05.2025
04.05.2025 23:26,Анталья,3:05,3:07,Б,05.05.2025
04.05.2025 23:26,Санкт-Петербург,3:40,4:17,А,05.05.2025
04.05.2025 23:26,Санкт-Петербург,5:40,5:42,А,04.05.2025
04.05.2025 23:26,Сочи,5:50,6:02,А,04.05.2025
04.05.2025 23:26,Москва,6:10,6:16,А,04.05.2025
04.05.2025 23:26,Москва,6:25,6:27,А,04.05.2025
04.05.2025 23:26,Калининград,6:35,6:43,А,04.05.2025
04.05.2025 23:26,Сочи,6:40,7:01,А,04.05.2025
04.05.2025 23:26,Москва,7:05,7:11,А,04.05.2025
04.05.2025 23:26,Москва,8:00,8:05,А,04.05.2025
04.05.2025 23:26,Москва,13:30,13:32,А,04.05.2025
04.05.2025 23:26,Когалым,14:50,5:30,А,04.05.2025
04.05.2025 23:26,Наманган,15:00,15:32,Б,04.05.2025
04.05.2025 23:26,Москва,16:00,16:11,А,04.05.2025
04.05.2025 23:26,Махачкала,16:50,17:13,А,04.05.2025
04.05.2025 23:26,Новосибирск,17:35,17:40,А,04.05.2025
04.05.2025 23:26,Баку,20:00,20:00,Б,04.05.2025
04.05.2025 23:26,Москва,20:20,20:20,А,04.05.2025
04.05.2025 23:26,Москва,23:05,23:05,А,04.05.2025
04.05.2025 23:26,Тюмень,23:10,0:30,А,04.05.2025
04.05.2025 23:26,Москва,23:20,23:20,А,04.05.2025
04.05.2025 23:26,Москва,0:45,0:26,А,05.05.2025
04.05.2025 23:26,Анталья,2:05,1:33,Б,05.05.2025
04.05.2025 23:26,Санкт-Петербург,2:40,3:10,А,05.05.2025
04.05.2025 23:26,Москва,3:45,3:31,А,05.05.2025
04.05.2025 23:26,Санкт-Петербург,3:55,3:26,А,05.05.2025
04.05.2025 23:26,Москва,4:00,3:51,А,05.05.2025
04.05.2025 23:26,Сочи,4:25,4:06,А,05.05.2025
04.05.2025 23:26,Махачкала,5:20,4:52,А,04.05.2025
04.05.2025 23:26,Сочи,5:35,5:23,А,04.05.2025
04.05.2025 23:26,Москва,7:00,6:46,А,04.05.2025
04.05.2025 23:26,Москва,12:40,12:32,А,04.05.2025
04.05.2025 23:26,Наманган,13:05,12:45,Б,04.05.2025
04.05.2025 23:26,Тюмень,14:00,13:47,А,04.05.2025
04.05.2025 23:26,Москва,15:10,15:04,А,04.05.2025
04.05.2025 23:26,Калининград,15:50,16:00,А,04.05.2025
04.05.2025 23:26,Новосибирск,17:00,16:48,А,04.05.2025
04.05.2025 23:26,Баку,19:00,18:43,Б,04.05.2025
04.05.2025 23:26,Москва,19:20,19:00,А,04.05.2025
04.05.2025 23:26,Москва,22:10,21:52,А,04.05.2025
04.05.2025 23:26,Когалым,22:20,23:25,А,04.05.2025
04.05.2025 23:26,Москва,22:55,22:32,А,04.05.2025
05.05.2025 23:26,Когалым,14:50,17:47,А,05.05.2025
05.05.2025 23:26,Тюмень,23:10,4:41,А,05.05.2025
05.05.2025 23:26,Анталья,3:10,3:14,Б,06.05.2025
05.05.2025 23:26,Санкт-Петербург,3:40,3:46,А,06.05.2025
05.05.2025 23:26,Сочи,5:25,5:36,А,05.05.2025
05.05.2025 23:26,Санкт-Петербург,5:40,5:48,А,05.05.2025
05.05.2025 23:26,Москва,6:10,6:20,А,05.05.2025
05.05.2025 23:26,Москва,6:25,6:28,А,05.05.2025
05.05.2025 23:26,Москва,7:05,7:20,А,05.05.2025
05.05.2025 23:26,Санкт-Петербург,7:35,7:37,А,05.05.2025
05.05.2025 23:26,Москва,8:00,8:00,А,05.05.2025
05.05.2025 23:26,Новый Уренгой,13:10,13:31,А,05.05.2025
05.05.2025 23:26,Москва,13:30,13:44,А,05.05.2025
05.05.2025 23:26,Сургут,13:50,14:00,А,05.05.2025
05.05.2025 23:26,Москва,16:00,16:15,А,05.05.2025
05.05.2025 23:26,Новосибирск,17:35,17:43,А,05.05.2025
05.05.2025 23:26,Казань,20:00,20:22,А,05.05.2025
05.05.2025 23:26,Москва,20:20,20:20,А,05.05.2025
05.05.2025 23:26,Москва,23:05,23:13,А,05.05.2025
05.05.2025 23:26,Москва,23:20,23:20,А,05.05.2025
05.05.2025 23:26,Москва,0:45,0:25,А,06.05.2025
05.05.2025 23:26,Анталья,2:00,1:37,Б,06.05.2025
05.05.2025 23:26,Санкт-Петербург,2:40,2:32,А,06.05.2025
05.05.2025 23:26,Москва,3:45,3:39,А,06.05.2025
05.05.2025 23:26,Санкт-Петербург,3:55,3:33,А,06.05.2025
05.05.2025 23:26,Москва,4:00,4:34,А,06.05.2025
05.05.2025 23:26,Сочи,4:25,4:07,А,06.05.2025
05.05.2025 23:26,Санкт-Петербург,6:55,6:33,А,05.05.2025
05.05.2025 23:26,Москва,7:00,6:53,А,05.05.2025
05.05.2025 23:26,Казань,12:30,12:32,А,05.05.2025
05.05.2025 23:26,Москва,12:40,12:39,А,05.05.2025
05.05.2025 23:26,Сургут,12:55,12:47,А,05.05.2025
05.05.2025 23:26,Москва,15:10,15:08,А,05.05.2025
05.05.2025 23:26,Новосибирск,17:00,16:52,А,05.05.2025
05.05.2025 23:26,Новый Уренгой,19:05,18:53,А,05.05.2025
05.05.2025 23:26,Москва,19:20,19:07,А,05.05.2025
05.05.2025 23:26,Москва,22:10,21:50,А,05.05.2025
05.05.2025 23:26,Москва,22:55,22:43,А,05.05.2025
06.05.2025 23:26,Анталья,2:00,2:06,Б,07.05.2025
06.05.2025 23:26,Анталья,3:00,3:15,Б,07.05.2025
06.05.2025 23:26,Санкт-Петербург,3:40,3:50,А,07.05.2025
06.05.2025 23:26,Сочи,5:25,5:29,А,06.05.2025
06.05.2025 23:26,Санкт-Петербург,5:40,5:44,А,06.05.2025
06.05.2025 23:26,Москва,6:10,6:34,А,06.05.2025
06.05.2025 23:26,Москва,6:25,8:08,А,06.05.2025
06.05.2025 23:26,Сочи,6:40,6:47,А,06.05.2025
06.05.2025 23:26,Махачкала,6:50,7:02,А,06.05.2025
06.05.2025 23:26,Москва,7:05,8:43,А,06.05.2025
06.05.2025 23:26,Шарм-эль-Шейх,7:40,8:27,Б,06.05.2025
06.05.2025 23:26,Минск,12:35,16:11,Б,06.05.2025
06.05.2025 23:26,Минск,12:35,16:11,Б,06.05.2025
06.05.2025 23:26,Москва,13:30,13:38,А,06.05.2025
06.05.2025 23:26,Минеральные Воды,14:40,14:44,А,06.05.2025
06.05.2025 23:26,Москва,16:00,16:06,А,06.05.2025
06.05.2025 23:26,Новосибирск,17:35,17:44,А,06.05.2025
06.05.2025 23:26,Сочи,18:15,18:24,А,06.05.2025
06.05.2025 23:26,Москва,20:20,20:21,А,06.05.2025
06.05.2025 23:26,Москва,22:30,23:30,Б,06.05.2025
06.05.2025 23:26,Москва,23:00,2:00,А,06.05.2025
06.05.2025 23:26,Москва,23:05,0:35,А,06.05.2025
06.05.2025 23:26,Москва,23:20,1:45,А,06.05.2025
06.05.2025 23:26,Анталья,0:05,23:49,Б,07.05.2025
06.05.2025 23:26,Москва,0:45,0:25,А,07.05.2025
06.05.2025 23:26,Анталья,1:50,1:21,Б,07.05.2025
06.05.2025 23:26,Санкт-Петербург,2:40,2:27,А,07.05.2025
06.05.2025 23:26,Москва,3:45,3:25,А,07.05.2025
06.05.2025 23:26,Санкт-Петербург,3:55,3:45,А,07.05.2025
06.05.2025 23:26,Москва,4:00,7:50,А,07.05.2025
06.05.2025 23:26,Сочи,4:25,3:57,А,07.05.2025
06.05.2025 23:26,Сочи,5:35,4:58,А,06.05.2025
06.05.2025 23:26,Минеральные Воды,5:45,5:35,А,06.05.2025
06.05.2025 23:26,Шарм-эль-Шейх,6:20,6:57,Б,06.05.2025
06.05.2025 23:26,Минск,11:30,14:55,А,06.05.2025
06.05.2025 23:26,Минск,11:30,14:55,А,06.05.2025
06.05.2025 23:26,Москва,12:40,12:15,А,06.05.2025
06.05.2025 23:26,Махачкала,13:40,13:19,А,06.05.2025
06.05.2025 23:26,Москва,15:10,15:05,А,06.05.2025
06.05.2025 23:26,Новосибирск,17:00,17:04,А,06.05.2025
06.05.2025 23:26,Сочи,17:15,17:09,А,06.05.2025
06.05.2025 23:26,Стамбул,18:25,21:45,Б,06.05.2025
06.05.2025 23:26,Москва,19:20,19:06,А,06.05.2025
06.05.2025 23:26,Новосибирск,21:00,21:56,А,06.05.2025
06.05.2025 23:26,Москва,22:10,23:46,А,06.05.2025
06.05.2025 23:26,Москва,22:55,1:10,А,06.05.2025